id,source,location,claim_or_finding,verdict,evidence,action
C01,manuscript,S0 p1 abstract / §4,For dim(E)>1 the functor -⊗E on Instr has no right adjoint,VERIFIED,"two independent proofs: audits/00 §2.4-2.5; verification_log.txt sections C,D","keep; restate as Theorems 4.3/4.4"
C02,manuscript,S0 p1 abstract,"Proof combines a discrete prime argument with a continuous intercept argument",MODIFIED,"primes idle (D3); n is discrete (D2)","replace by triangle-identity + intercept statements"
C03,manuscript,S0 §1,"two independent arguments forming a pincer movement",SUSTAINED-FALSE,"arguments sequential; one step logically redundant (D2)","delete"
C04,manuscript,S0 §1,"instrument obstruction is strictly stronger than the deterministic one",SUSTAINED-FALSE,"reduction Chan => Instr, Prop 4.6 (D1)","replace by reduction + per-B sharpening"
C05,manuscript,S0 §1,"closes the earlier mathematical gap completely",SUSTAINED-FALSE,"gap closes via B=E (Thm 4.5), not via Instr; already in companion suite [8] (D1,D13)","re-attribute"
C06,manuscript,S0 §1,"equation d_R^2 = d_E^2(d_B^2-1)+1 admits integer solutions",VERIFIED,"family (k,2k,2k^2-1); 70 nontrivial solutions in box; verification_log.txt C","keep; add quantifier diagnosis"
C07,manuscript,S0 §1,"deterministic obstruction is the n=1 shadow",SUSTAINED-FALSE-INVERTED,"n=1 alone is satisfiable; intercept kills it (D2)","delete"
C08,manuscript,S0 §1,"instruments are richer and might in principle allow a right adjoint",SUSTAINED-UNMOTIVATED,"richer hom-sets add constraints (D1)","delete"
C09,manuscript,S0 §2 Def 2.2 + Rem 2.1,"outcome set part of data; strictly associative up to relabellings",SUSTAINED-DEFECT,"unit law fails as written; hom proper class (D5)","lexicographic outcome sets [n]; remark deleted"
C10,manuscript,S0 §2,"tensor of instruments never defined but closure asserted",SUSTAINED-DEFECT,"D5,D15","Def 2.4 + weak/strict distinction"
C11,manuscript,S0 §3 Prop 3.1,affine dimension formula d_A^2(n d_B^2-1),VERIFIED,"rank certificate dA,dB<=3,n<=4; interior point PD (log sec A)","keep; exclude d=0"
C12,manuscript,S0 §3,no domain restriction; d_B=0 gives negative dimension,SUSTAINED,"D6","Convention 2.5"
C13,manuscript,S0 §4.1 Lemma 4.1,"prime argument forces deterministic counit",MODIFIED,"valid but idle; no-nontrivial-units suffices (D3)","keep as counting route; primes removed"
C14,manuscript,S0 §4.1,"O(ε_B) and dim_aff undefined; Φ overloaded",SUSTAINED,"D21","notational repair"
C15,manuscript,S0 §4.2,"affine bijection => equal affine dimension",MISSING-LEMMA,"Lemma 3.2 with proof; parabola necessity check (log sec B)","added as Lemma 3.2"
C16,manuscript,S0 §4.2,"identity of affine functions for all n>=1",VERIFIED,"sympy elimination; general-m collapse m d_E^2 = 1 (log sec D)","keep; general-m form made the main line of Thm 4.3"
C17,manuscript,S0 §4.3,"two-equation proof connects directly to the deterministic one",SUSTAINED-FALSE,"it inverts the relation (D2); B=E is the correct link","rewritten as Thm 4.4"
C18,manuscript,S0 §4 Cor 4.3,opfibration is not a bifibration,ASSERTED-NOT-PROVEN,"no base/projection/fibres constructed; Instr has no terminal object (Prop 4.10)","construct or delete; Prop 4.10 added"
C19,manuscript,S0 §4 Cor 4.4,"not monoidal closed for any non-trivial environment dimension",MODIFIED,"one E suffices; state iff d_E=1; tensor only weakly strict (D5,D7)","Cor 4.8"
C20,manuscript,S0 §5 preamble vs §5.1-5.2,disclaimer not honoured,SUSTAINED,"line-level quotes (D9)","register made consistent"
C21,manuscript,S0 §5.1,"counit = universal retrodiction map",SUSTAINED-WRONG-OBJECT,"counit is evaluation/currying, points forward (D8)","§6.1"
C22,manuscript,S0 §5.1,[4] as process-matrix retrodiction,SUSTAINED,"[4] is indefinite causal order (D12)","fix citation"
C23,manuscript,S0 §5.1,"every retrodiction necessarily apparatus-specific",SUSTAINED-UNDERIVED,"Bayesian inversion functorial on pointed channels (D8)","Prop 6.2"
C24,manuscript,S0 §5.2,"arrow of time emerges from fibre dynamics",SUSTAINED-UNSUPPORTED,"no left adjoint either; classical case; groupoid; CPM (D8)","Props 5.1/5.4/5.5; §5.4"
C25,manuscript,S0 §5.2,"instruments are the most general post-measurement updates",SUSTAINED-FALSE-IN-SCOPE,"continuous outcomes [6], supermaps (D20)","scope table §7.1"
C26,manuscript,S0 §6,"three mutually reinforcing facts exhaust the content",SUSTAINED,"item 1 misdescribed; item 2 needs lemma; further math exists (D3,D4,D10)","§7.3"
C27,manuscript,S0 §6-7,"epistemic asymptote formalized / enacted / deductive content fully extracted",SUSTAINED-FALSE,"no definitions; §6 contradicts §7; companion has more (D10)","replaced by scope+limits and open problems"
C28,manuscript,S0 §7,confirms universal retrodiction impossible,SUSTAINED,"not what was proved (D8)","§6.4"
C29,manuscript,S0 ref [1],DOI 10.5281/zenodo.20860298 identifies the manuscript,SUSTAINED-FALSE,"resolves to Zenodo software record 20860299 (D13)","doc 02 §1; new refs [1] and [8]"
C30,manuscript,S0 ref [3],Synthese 194 3185 (2017),SUSTAINED-FALSE,"correct: Synthese 186(3):651-696 (2012), DOI 10.1007/s11229-011-9917-5 (D11)","fixed"
C31,manuscript,S0 refs [5]-[7],never cited in text,SUSTAINED,"D20,D26","cited at Def 2.1 / §5.2 / Prop 5.1"
C32,manuscript,S0 p1 affiliation,Independent Researcher next to ut.ac.ir email,STYLISTIC,"D30","reconciled"
C33,new,this audit,"sharp one-slice proof at (A,B)=(C,E), n=1, model-independent",ADDED,"Thm 4.4 + verification_log.txt C","included"
C34,new,this audit,per-B non-representability via general-m intercept collapse,ADDED,"Thm 4.3 + verification_log.txt D","included"
C35,new,this audit,reduction: Instr-adjunction restricts to Chan,ADDED,"Prop 4.6 proof (D1)","included"
C36,new,this audit,F_E has no left adjoint in Chan and in Instr,ADDED,"Thm 4.9 (D8)","included"
C37,new,this audit,Instr has neither terminal nor initial object,ADDED,"Prop 4.10","included"
C38,new,this audit,classical analogue + quantum/classical n-threshold contrast,ADDED,"Thm 5.2, Prop 5.3, verification_log.txt G","included"
C39,new,this audit,obstruction = TP normalisation (CPM comparison 128 vs 140),ADDED,"Prop 5.1, verification_log.txt H (D8)","included"
C40,new,this audit,exact recovery iff isometric channel; pointed-channel inversion,ADDED,"Props 6.1-6.2 (D8,D19)","included"
C41,new,this audit,coarse-graining quotient remains open; partial-sum class-set invariant suggested,OPEN,"D22; author's companion group O","Open problem 7.1"
C42,new,this audit,"Chan per-B representability for Pell pairs undecided by counting",OPEN,"Rem 4.7; Open problem 7.2","stated"
C43,audit-sonnet1,S1 §1.1,"a right adjoint in one category neither implies nor excludes one in the other",SUSTAINED-FALSE,"reduction makes Chan=>Instr (D1)","superseded"
C44,audit-sonnet1,S1 §2.6,"physical force of the theorem is largely a bookkeeping artifact",MODIFIED,"sharp form is model-independent (D22)","scope caveat only"
C45,audit-grok1,S1 §§2-4,no errors found,SUSTAINED-TOO-LENIENT,"missing lemma is a real gap (D4); D1/D9 missed","superseded"
C46,audit-grok2,S1 §2,"only Diophantine example is d_B=1",SUSTAINED,"trivial solution (D14)","use family (k,2k,2k^2-1)"
C47,audit-grok2,S1 §3,"naturality is automatic once the counit is deterministic",SUSTAINED-FALSE,"naturality is given; Φ^-1 = ε∘F(g) is the triangle identity (D18)","corrected phrasing"
C48,audit-grok3,S1 §1,"n=1,2 proof recovers the original obstruction as the n=1 shadow",SUSTAINED-FALSE,"n=1 alone is satisfiable (D2)","corrected"
C49,audit-sonnet2,S1 §C1,"left inverse iff N(ρ)=V(ρ⊗σ)V† isometric with ancilla state σ",MODIFIED,"exact case needs no ancilla state (D19)","Prop 6.1"
C50,audit-sonnet3,S1 §B1,triangle-identity shortcut for counit determinism,VERIFIED-FOR-imF,"sufficient for B=E (D17)","Lemma 4.1(1)"
C51,audit-meta,S2 §2A1,"[n] with lexicographic product yields a strict category",VERIFIED,"associativity and unit law hold; interchange fails (verification_log.txt I)","adopted; not for ⊗"
C52,audit-meta,S2 §2B1,"70 solutions with d_E<400,d_B<60",VERIFIED,"reproduced exactly for d_B>=2 (log sec C)","adopted"
C53,audit-meta,S2 upgrade #1,drop the grading together with the primes,OVERRULED,"grading needed for per-B statement and for the classical analogue (D1,Prop 5.3)","demote primes only"
C54,audit-meta,S2 §8,coarse-graining quotient open with guess 'no, via normalisation',OPEN-CONFIRMED,"author's companion also open; partial-sum class-set is non-convex (D22)","Open problem 7.1"
C55,new-pass2,revision Thm 4.6,"At B=E no single slice Instr_n(-⊗E,E) is representable, for every n",ADDED,"two-line sandwich (e-1)^2 < e^2-(e-1)/n < e^2; verification_log.txt K","included; specialises companion [13] pointwise proposition to B=E"
C56,new-pass2,revision Prop 4.7,"Escapes of the dimension count classified: n | (d_E^2-1) and (d_E^2-1)/n = j(2 d_E d_B - j), d_G = d_E d_B - j",ADDED,"two independent enumerations agree (brute force vs factorisation); 70-solution box reproduced","included; equivalent to companion check 6b"
C57,new-pass2,revision Prop 4.7 ex (c),B=C is an escape for every d_E>=2 (j=d_E-1, d_G=1) and is genuinely representable (degenerate),ADDED,"both hom-sets are single points (dim 0); log K","included"
C58,new-pass2,revision Prop 5.6,"Defect delta_n = n(ev-r)+(1-e); min_r max_n |delta_n| = e-1 at r = ev; escape at n=1 costs e-1 at n=2",ADDED,"symbolic + numeric; log K","included; sharpens sonnet3 E6"
C59,new-pass2,revision 4.6,"Opfibration constructed; fibres all = Instr; bifibration iff every E_u = C",ADDED,"Grothendieck construction with E_{v∘u} = E_u⊗E_v; standard bifibration criterion","included; replaces original Cor 4.3/Fig 1"
C60,new-pass2,revision Rem 3.4,"Semialgebraic dimension makes the graded argument quotient-robust",ADDED,"S2 2A2 suggestion; invariance of semialgebraic dimension under semialgebraic bijections","included"
C61,new-pass2,revision Rem 2.6,"Zero and repeated outcome components allowed; merging out of scope",ADDED,"sonnet1 2.6 / sonnet2 A3","included"
C62,new-pass2,revision Rem 4.3b,"Phi^{-1}(g) = eps o F(g) follows from naturality + triangle identity; affine structure inherited not assumed",ADDED,"sonnet2 A2 / grok2 3","included"
C63,new-pass2,revision Cor 5.7,"No state-space or ensemble structure at B=E (GPT restatement)",ADDED,"sonnet3 E3; same sandwich as Thm 4.6","included"
C64,new-pass2,revision Rem 5.8,"Total-map functor Sigma:Instr->Chan; fibres = refinements; the right base for outcome dependence",ADDED,"sonnet3 E5","included"
C65,new-pass2,revision 6.1,"Unitary channels invertible inside Instr; Petz maps exist; theorem is about the internal hom only",ADDED,"sonnet1 7.2 / sonnet2 C1","included"
C66,priority,S3 companion [13],"Affine-dimension lemma, no-left-adjoint theorem, classical FinStoch proposition, parallel-tensor non-closure, pointwise obstruction, e^2-e+1 sandwich already proved in the author's Quantum-combs article",ALREADY-IN-PROGRAMME,"fetched qc_main.tex; theorem list quoted in audits/03","revision cites rather than re-derives; novelty delimited in 5.5"
C67,priority,S3 companion [8],"Chan square-gap e^4-e^2+1 never a square already certified in the author's verification suite",ALREADY-IN-PROGRAMME,"group A of verify_abaee_currying.py","cited as [8]"
C68,priority,S3 cover letter,"Instrument-body affine dimension d_A^2(n d_B^2-1) already stated in the author's QIP submission",ALREADY-IN-PROGRAMME,"qip-cover-letter-instruments.txt","priority note in 5.5"
